clip_simple,clip_sft,clip_lm,clip_dpo,aesthetics_simple,aesthetics_sft,aesthetics_lm,aesthetics_dpo,ir_simple,ir_sft,ir_lm,ir_dpo
1.0,1.0,1.0,1.0,0.4439528286457062,0.4494737982749939,0.4616670608520508,0.45968177914619446,1.482657551765442,1.5339068174362183,1.2990670204162598,1.6270761489868164
1.0,1.0,1.0,1.0,0.4695848822593689,0.43694764375686646,0.4219631850719452,0.4480454921722412,0.9000399112701416,1.0102190971374512,0.6445348262786865,1.7322758436203003
1.0,1.0,1.0,1.0,0.4552297592163086,0.4510985016822815,0.4439222812652588,0.4326162040233612,1.1764196157455444,1.2927347421646118,0.9327462911605835,1.4381884336471558
1.0,1.0,1.0,1.0,0.44653743505477905,0.45711201429367065,0.4579997658729553,0.46266570687294006,0.7528223395347595,1.8237000703811646,0.7993528246879578,1.754785418510437
1.0,1.0,1.0,1.0,0.43026429414749146,0.44839251041412354,0.4296692907810211,0.4377736747264862,1.6640214920043945,0.9039385318756104,1.4369256496429443,1.541670322418213
1.0,1.0,1.0,1.0,0.4468085467815399,0.44715118408203125,0.4302000403404236,0.4692065715789795,1.5488438606262207,1.599388837814331,0.4508281350135803,-2.280156373977661
1.0,1.0,1.0,1.0,0.4385002851486206,0.4550338387489319,0.4421407878398895,0.4633898437023163,0.53360915184021,1.2712676525115967,1.2557263374328613,1.42882239818573
1.0,1.0,1.0,1.0,0.43665575981140137,0.43805161118507385,0.45470714569091797,0.44573459029197693,0.3034771680831909,0.5836450457572937,0.6169528365135193,-1.169388771057129
1.0,1.0,1.0,1.0,0.4349197447299957,0.4562305510044098,0.4561570882797241,0.4340951144695282,1.4345896244049072,1.2576366662979126,0.07691191881895065,0.9563873410224915
1.0,1.0,1.0,1.0,0.4337092339992523,0.4388090670108795,0.4469396770000458,0.4277922511100769,1.726585030555725,-0.14057941734790802,1.9199936389923096,1.7282545566558838
1.0,1.0,1.0,1.0,0.43908238410949707,0.43879327178001404,0.4463796019554138,0.43655452132225037,1.481935739517212,0.9340642094612122,0.1944945901632309,0.73388671875
1.0,1.0,1.0,1.0,0.45887666940689087,0.4306739270687103,0.4386128783226013,0.4456143379211426,0.9245918393135071,1.0742543935775757,0.5196977257728577,1.566247582435608
1.0,1.0,1.0,1.0,0.4452548623085022,0.4326396882534027,0.4472072720527649,0.43255582451820374,1.669020175933838,1.0767940282821655,0.9413847327232361,0.5718084573745728
1.0,1.0,1.0,1.0,0.4535183012485504,0.444906622171402,0.4570193886756897,0.4432995617389679,-1.61063814163208,-1.847817301750183,-0.0796741396188736,-0.20489154756069183
1.0,1.0,1.0,1.0,0.4626474678516388,0.46357646584510803,0.44499751925468445,0.4425731897354126,0.5955628156661987,-0.15996265411376953,0.3498854637145996,0.2748952805995941
1.0,1.0,1.0,1.0,0.4432038962841034,0.4321832060813904,0.44836387038230896,0.45427361130714417,1.3198034763336182,0.39399224519729614,-0.36869072914123535,-1.460276484489441
1.0,1.0,1.0,1.0,0.4297711253166199,0.45558908581733704,0.44087469577789307,0.4422551691532135,-0.44656455516815186,0.059211086481809616,0.43459880352020264,-0.011749577708542347
1.0,1.0,1.0,1.0,0.45510628819465637,0.4472355544567108,0.4358953535556793,0.44882524013519287,0.8325438499450684,1.2931541204452515,1.423572301864624,1.3866021633148193
1.0,1.0,1.0,1.0,0.4446121156215668,0.45560982823371887,0.44481876492500305,0.4508550763130188,1.7151532173156738,1.1832518577575684,1.05287766456604,1.126609206199646
1.0,1.0,1.0,1.0,0.43120190501213074,0.44999009370803833,0.45004552602767944,0.4451960027217865,0.20168280601501465,0.8821313977241516,0.30291154980659485,-2.006626605987549
1.0,1.0,1.0,1.0,0.4399122893810272,0.4494662284851074,0.44352883100509644,0.42465272545814514,1.4264814853668213,1.6376115083694458,-0.984295666217804,0.3037525415420532
1.0,1.0,1.0,1.0,0.46758848428726196,0.4471873342990875,0.45294326543807983,0.4423289895057678,1.4124025106430054,1.7181023359298706,1.752724528312683,1.6123043298721313
1.0,1.0,1.0,1.0,0.4226224720478058,0.4531872570514679,0.44682493805885315,0.4261636435985565,0.931594967842102,-1.4527705907821655,-0.09625624865293503,0.5401593446731567
1.0,1.0,1.0,1.0,0.46126413345336914,0.442245215177536,0.4628165364265442,0.4440414309501648,1.1499155759811401,1.2389395236968994,0.8069825172424316,1.4710837602615356
1.0,1.0,1.0,1.0,0.43518736958503723,0.42728954553604126,0.4461432993412018,0.4407002031803131,1.6164946556091309,0.5055246353149414,0.6755664348602295,0.12211961299180984
1.0,1.0,1.0,1.0,0.4463811218738556,0.4488570988178253,0.4460662603378296,0.44764894247055054,0.9316812753677368,0.45047128200531006,-0.1630941480398178,1.6041256189346313
1.0,1.0,1.0,1.0,0.45244458317756653,0.4372605085372925,0.441066712141037,0.44564586877822876,1.770328402519226,1.4021698236465454,-0.28817933797836304,1.0265816450119019
1.0,1.0,1.0,1.0,0.439280241727829,0.4635895788669586,0.44893383979797363,0.44344958662986755,0.8647242784500122,0.3993613123893738,0.4079296588897705,0.788242757320404
1.0,1.0,1.0,1.0,0.44236257672309875,0.4484880566596985,0.4252384901046753,0.45293471217155457,1.6681010723114014,1.1481307744979858,1.0624974966049194,0.8580408096313477
1.0,1.0,1.0,1.0,0.4464198052883148,0.4553467929363251,0.45490965247154236,0.4539438486099243,0.7717897891998291,0.5365416407585144,1.1146780252456665,0.813232421875
1.0,1.0,1.0,1.0,0.4479425251483917,0.43576163053512573,0.45995497703552246,0.447099506855011,1.73369562625885,1.9612932205200195,1.8927708864212036,1.866735816001892
1.0,1.0,1.0,1.0,0.4580645263195038,0.4547693431377411,0.4682374596595764,0.46043846011161804,0.16469940543174744,0.8247408866882324,-0.24738809466362,0.3385806679725647
1.0,1.0,1.0,1.0,0.43535441160202026,0.4584600031375885,0.43794095516204834,0.4577939510345459,0.7039109468460083,0.827337384223938,-0.07030459493398666,0.7743439078330994
1.0,1.0,1.0,1.0,0.4521953761577606,0.4341759979724884,0.4435100555419922,0.42637866735458374,0.5650006532669067,-2.0264739990234375,1.575538158416748,1.5010701417922974
1.0,1.0,1.0,1.0,0.4481216371059418,0.4536011815071106,0.46230149269104004,0.4491480588912964,0.8875557780265808,0.7537664175033569,-1.3605988025665283,0.4100414514541626
1.0,1.0,1.0,1.0,0.44333338737487793,0.43895959854125977,0.4376695454120636,0.4435417354106903,1.0961235761642456,0.938936710357666,-0.10473599284887314,1.6321460008621216
1.0,1.0,1.0,1.0,0.44416674971580505,0.4639003872871399,0.44352641701698303,0.4452037811279297,1.2402546405792236,0.1840030550956726,-0.9823945760726929,1.4039957523345947
1.0,1.0,1.0,1.0,0.4559011459350586,0.4605063796043396,0.44844600558280945,0.4348233938217163,0.7214763760566711,0.19533604383468628,-1.9077003002166748,0.14112156629562378
1.0,1.0,1.0,1.0,0.4541928768157959,0.4516531825065613,0.43015801906585693,0.45022696256637573,0.7859994769096375,0.019653741270303726,1.155247688293457,1.1589996814727783
1.0,1.0,1.0,1.0,0.44594863057136536,0.44858208298683167,0.43825700879096985,0.43413129448890686,1.4971939325332642,0.7676380276679993,0.8384466171264648,-0.0811467170715332
1.0,1.0,1.0,1.0,0.42780977487564087,0.4586044251918793,0.44733819365501404,0.43845751881599426,1.8789749145507812,1.475103497505188,1.9283703565597534,1.9275453090667725
1.0,1.0,1.0,1.0,0.44850072264671326,0.4454050064086914,0.43911704421043396,0.4246896803379059,0.5322110652923584,-1.2967089414596558,-1.1105823516845703,-1.848961353302002
1.0,1.0,1.0,1.0,0.43368324637413025,0.45155495405197144,0.4396728277206421,0.4434911608695984,1.9512196779251099,1.7702568769454956,1.941284418106079,1.9483290910720825
1.0,1.0,1.0,1.0,0.45759955048561096,0.44214269518852234,0.46463441848754883,0.4505750238895416,-0.46709930896759033,0.8977504372596741,-0.4959496259689331,-1.7934930324554443
1.0,1.0,1.0,1.0,0.43760135769844055,0.43685483932495117,0.4473491907119751,0.4504115879535675,1.544326901435852,0.889389157295227,-0.34567591547966003,0.32671523094177246
1.0,1.0,1.0,1.0,0.4400867819786072,0.45520415902137756,0.44123905897140503,0.4480518400669098,0.5509021282196045,0.2327744960784912,0.8025313019752502,0.8573630452156067
1.0,1.0,1.0,1.0,0.43716737627983093,0.4541766941547394,0.442865788936615,0.4411039650440216,1.5555036067962646,-1.4436036348342896,1.3896701335906982,1.668148159980774
1.0,1.0,1.0,1.0,0.45542481541633606,0.44709309935569763,0.45680537819862366,0.4552413523197174,-0.16459740698337555,0.2690017521381378,0.1407332867383957,0.20169652998447418
1.0,1.0,1.0,1.0,0.4542252719402313,0.4394901990890503,0.446464866399765,0.4317251443862915,0.8171990513801575,0.9763689041137695,1.3091509342193604,0.5716778039932251
1.0,1.0,1.0,1.0,0.4477476477622986,0.4416707456111908,0.44435879588127136,0.4435998201370239,1.8392491340637207,1.7131352424621582,1.5068578720092773,1.770349383354187
1.0,1.0,1.0,1.0,0.4531344175338745,0.4592134654521942,0.45471376180648804,0.44211965799331665,1.7034145593643188,-0.8612773418426514,1.8064059019088745,1.7364293336868286
1.0,1.0,1.0,1.0,0.43034669756889343,0.45000267028808594,0.4476398229598999,0.43877044320106506,1.3724825382232666,0.9537443518638611,0.5553626418113708,1.289952039718628
1.0,1.0,1.0,1.0,0.4439903795719147,0.4499403238296509,0.4515143632888794,0.4573614299297333,-0.5011218190193176,0.14442797005176544,-1.8046305179595947,0.8990966081619263
1.0,1.0,1.0,1.0,0.46138453483581543,0.46167731285095215,0.43936029076576233,0.45428988337516785,1.6226756572723389,1.5408276319503784,1.5647791624069214,1.3895020484924316
1.0,1.0,1.0,1.0,0.4439049959182739,0.44956448674201965,0.42367127537727356,0.44669485092163086,0.9317556023597717,-0.7366173267364502,-0.17873935401439667,0.9770956039428711
1.0,1.0,1.0,1.0,0.4536448121070862,0.42885372042655945,0.4417545199394226,0.45329582691192627,1.5024230480194092,1.6261245012283325,1.566352367401123,-0.0019775116816163063
1.0,1.0,1.0,1.0,0.4456597566604614,0.45772382616996765,0.4478501081466675,0.4425453543663025,-1.0597724914550781,-1.6964432001113892,-1.1527795791625977,-1.1276029348373413
1.0,1.0,1.0,1.0,0.4602645933628082,0.44276076555252075,0.4569350779056549,0.43948400020599365,0.40588411688804626,1.31637442111969,0.6660100817680359,0.9082302451133728
1.0,1.0,1.0,1.0,0.45176541805267334,0.4566551744937897,0.44312334060668945,0.4492872655391693,-1.2849669456481934,-0.13457418978214264,-0.8408215045928955,0.13079135119915009
1.0,1.0,1.0,1.0,0.4222289025783539,0.4581506550312042,0.4327705204486847,0.44731149077415466,-0.463514506816864,0.5506946444511414,0.08482934534549713,0.6354838609695435
1.0,1.0,1.0,1.0,0.45192861557006836,0.4371308982372284,0.4565013349056244,0.4305889904499054,0.14718860387802124,0.1511131078004837,0.6791446208953857,-0.2395927459001541
1.0,1.0,1.0,1.0,0.4573576748371124,0.45085304975509644,0.45886874198913574,0.44259127974510193,-0.5890465378761292,-0.06960617005825043,0.10264983773231506,0.7388822436332703
1.0,1.0,1.0,1.0,0.43631303310394287,0.4486565887928009,0.4543934166431427,0.43579620122909546,1.5573171377182007,1.755261778831482,0.4778665602207184,0.7775326371192932
1.0,1.0,1.0,1.0,0.4610957205295563,0.45839205384254456,0.4309801459312439,0.4119200110435486,0.6260008811950684,-1.2753649950027466,0.07142861932516098,-0.14410614967346191
1.0,1.0,1.0,1.0,0.45362940430641174,0.45062151551246643,0.4386528730392456,0.4357297420501709,1.67554771900177,1.7655094861984253,1.3111448287963867,1.6850448846817017
1.0,1.0,1.0,1.0,0.4612206816673279,0.45134496688842773,0.4464559853076935,0.44956672191619873,1.255373239517212,1.6809972524642944,1.5647621154785156,1.4761667251586914
1.0,1.0,1.0,1.0,0.45268455147743225,0.4405161738395691,0.4563981294631958,0.46027815341949463,0.9509661793708801,1.129799485206604,1.0896369218826294,-0.13947951793670654
1.0,1.0,1.0,1.0,0.45984044671058655,0.44979938864707947,0.4383756220340729,0.4531567394733429,-0.9985743761062622,-1.0608463287353516,-0.5916451811790466,0.24085387587547302
1.0,1.0,1.0,1.0,0.43775323033332825,0.4483892023563385,0.4692065715789795,0.43675535917282104,1.0643515586853027,1.2978644371032715,-2.282378911972046,1.1213356256484985
1.0,1.0,1.0,1.0,0.43947267532348633,0.45334139466285706,0.4364674687385559,0.4560921788215637,1.7810558080673218,0.9435852766036987,1.8140757083892822,1.3244425058364868
1.0,1.0,1.0,1.0,0.4440208673477173,0.4520964026451111,0.4468437731266022,0.42942941188812256,0.6244175434112549,0.2729789614677429,-0.05471563711762428,-0.7439305186271667
1.0,1.0,1.0,1.0,0.44862017035484314,0.4667598009109497,0.4410489499568939,0.4386013150215149,1.2045154571533203,-1.194422960281372,0.8224088549613953,0.5030832886695862
1.0,1.0,1.0,1.0,0.44257447123527527,0.4514828026294708,0.453482449054718,0.4616241753101349,1.057660698890686,0.8975782990455627,1.3460407257080078,0.005279233679175377
1.0,1.0,1.0,1.0,0.44786331057548523,0.4440157413482666,0.4490193724632263,0.4361385405063629,1.723914384841919,1.3686591386795044,0.8454878330230713,0.5114017128944397
1.0,1.0,1.0,1.0,0.4692065715789795,0.4692065715789795,0.4556933045387268,0.4692065715789795,-2.2861580848693848,-2.2861580848693848,-0.9091941118240356,-2.2861580848693848
1.0,1.0,1.0,1.0,0.45481422543525696,0.44270750880241394,0.4637605845928192,0.4692065715789795,0.8285471796989441,1.1047871112823486,-0.3230816125869751,-2.257700204849243
1.0,1.0,1.0,1.0,0.4509810209274292,0.4496600925922394,0.45125624537467957,0.4468918740749359,0.6783908605575562,0.7779092192649841,-0.0028442637994885445,1.502781867980957
1.0,1.0,1.0,1.0,0.45717617869377136,0.45618578791618347,0.44537216424942017,0.4539516568183899,0.8200681209564209,-0.216621994972229,1.5651938915252686,0.4616638720035553
1.0,1.0,1.0,1.0,0.4448550343513489,0.4489465057849884,0.4531140923500061,0.4403294026851654,0.4537522494792938,0.17992088198661804,-0.5135318636894226,0.3271176815032959
1.0,1.0,1.0,1.0,0.4506123661994934,0.4431130886077881,0.4464990794658661,0.42968007922172546,1.5628708600997925,1.216434359550476,1.3656463623046875,1.4639294147491455
1.0,1.0,1.0,1.0,0.45697683095932007,0.43887564539909363,0.4509459137916565,0.4572116434574127,-0.174249529838562,0.05595787242054939,0.2166416049003601,0.2775477468967438
1.0,1.0,1.0,1.0,0.45726874470710754,0.46278509497642517,0.4558824598789215,0.4480115473270416,0.9195753931999207,-0.06951430439949036,0.09203986078500748,-0.4426491856575012
1.0,1.0,1.0,1.0,0.4300651550292969,0.43196535110473633,0.4585842490196228,0.4485657215118408,1.5811522006988525,0.9430112242698669,0.849869430065155,1.4446914196014404
1.0,1.0,1.0,1.0,0.44171980023384094,0.4585503041744232,0.424032598733902,0.4438544511795044,0.18903687596321106,-0.9550728797912598,-0.4251953661441803,-0.22739483416080475
1.0,1.0,1.0,1.0,0.45457085967063904,0.4421473443508148,0.4466155767440796,0.4564754068851471,-0.005056626163423061,-0.47056856751441956,0.09638071805238724,-0.0707828626036644
1.0,1.0,1.0,1.0,0.44388633966445923,0.43968525528907776,0.43664291501045227,0.469611793756485,1.0211760997772217,1.7583063840866089,0.36139315366744995,1.1678640842437744
1.0,1.0,1.0,1.0,0.43652084469795227,0.44110381603240967,0.43861323595046997,0.4431900084018707,0.8925731778144836,-0.09389211982488632,0.4024372398853302,1.0445218086242676
1.0,1.0,1.0,1.0,0.4547123908996582,0.46507421135902405,0.44472506642341614,0.44109320640563965,0.29665547609329224,-2.2485158443450928,-1.2084378004074097,0.022971758618950844
1.0,1.0,1.0,1.0,0.4361612796783447,0.4553377032279968,0.4527220129966736,0.4473051130771637,0.7019656300544739,-0.6613172888755798,-0.2301531881093979,0.9558574557304382
1.0,1.0,1.0,1.0,0.44741156697273254,0.44237756729125977,0.44896063208580017,0.45550909638404846,1.7071442604064941,1.788874626159668,1.415982961654663,1.5490201711654663
1.0,1.0,1.0,1.0,0.448822021484375,0.44813525676727295,0.466200590133667,0.44262826442718506,1.345139503479004,-0.14740386605262756,-0.3122607171535492,0.9969595074653625
1.0,1.0,1.0,1.0,0.45782914757728577,0.4455581307411194,0.45736491680145264,0.44822001457214355,0.42709049582481384,-2.210190534591675,-2.136596441268921,-0.45491868257522583
1.0,1.0,1.0,1.0,0.4457413852214813,0.438226580619812,0.4343308210372925,0.44377946853637695,0.3546827733516693,0.7401695847511292,0.26523035764694214,0.49426236748695374
1.0,1.0,1.0,1.0,0.45129111409187317,0.4409692585468292,0.44067078828811646,0.4418671131134033,1.3597930669784546,0.5999549031257629,1.189466953277588,1.5631340742111206
1.0,1.0,1.0,1.0,0.44360679388046265,0.44416818022727966,0.4416503608226776,0.44932207465171814,1.3386660814285278,-1.264846682548523,0.035279203206300735,0.8517530560493469
1.0,1.0,1.0,1.0,0.4617883265018463,0.46036481857299805,0.4573121964931488,0.45647215843200684,0.8223426342010498,1.2669575214385986,1.440094232559204,0.3560684621334076
1.0,1.0,1.0,1.0,0.4456157088279724,0.4409114122390747,0.4442269504070282,0.45793524384498596,0.4927902817726135,0.6856767535209656,0.3407035171985626,0.7214270234107971
1.0,1.0,1.0,1.0,0.44312119483947754,0.45518162846565247,0.44621574878692627,0.45603707432746887,0.8501266837120056,1.2056986093521118,0.7366790175437927,-0.11547015607357025
1.0,1.0,1.0,1.0,0.45032185316085815,0.46183663606643677,0.45307213068008423,0.4524814188480377,1.6927077770233154,-0.8093948364257812,-0.9113745093345642,0.9888515472412109
1.0,1.0,1.0,1.0,0.45664721727371216,0.42729490995407104,0.4387192130088806,0.4326171875,0.04504627734422684,1.194125771522522,-0.10402270406484604,-0.41574373841285706
1.0,1.0,1.0,1.0,0.4475138783454895,0.45797809958457947,0.43515652418136597,0.46344873309135437,1.4390981197357178,0.09785886108875275,1.3486920595169067,0.2815273106098175
1.0,1.0,1.0,1.0,0.4579831659793854,0.4427955448627472,0.4550303518772125,0.45594480633735657,0.10939107835292816,-0.7267491221427917,-0.08090530335903168,-0.17252124845981598
1.0,1.0,1.0,1.0,0.45484477281570435,0.4461978077888489,0.4529528319835663,0.4370500445365906,0.3318345248699188,-1.4408307075500488,-0.44923505187034607,-0.5430281758308411
1.0,1.0,1.0,1.0,0.4531571567058563,0.46156707406044006,0.4581408202648163,0.457338809967041,0.5487530827522278,-2.0400164127349854,-0.6385826468467712,-1.7750598192214966
1.0,1.0,1.0,1.0,0.4511682391166687,0.44757357239723206,0.45723462104797363,0.4601345956325531,1.0723778009414673,1.637712001800537,1.5661879777908325,1.6358083486557007
1.0,1.0,1.0,1.0,0.4540424346923828,0.4451890289783478,0.4495994448661804,0.44506385922431946,-1.202223539352417,0.05496413633227348,-0.07525769621133804,-1.7395014762878418
1.0,1.0,1.0,1.0,0.4276333451271057,0.44394657015800476,0.4386617839336395,0.4404020607471466,1.6221091747283936,0.9737632274627686,1.518486738204956,-2.1712753772735596
1.0,1.0,1.0,1.0,0.45430102944374084,0.42930924892425537,0.431043416261673,0.4507606327533722,1.602630376815796,1.3049694299697876,0.5648757815361023,1.0599521398544312
1.0,1.0,1.0,1.0,0.43006953597068787,0.4455469846725464,0.4438498914241791,0.4480491578578949,0.4145998954772949,0.7640858292579651,0.4380870461463928,0.82839435338974
1.0,1.0,1.0,1.0,0.44235414266586304,0.4469408094882965,0.43811288475990295,0.4468361437320709,-0.4008926749229431,0.6910033226013184,0.3337019681930542,1.0680317878723145
1.0,1.0,1.0,1.0,0.438188761472702,0.43870100378990173,0.4389413893222809,0.4631531834602356,1.310372233390808,1.1386919021606445,0.6698000431060791,-0.15929965674877167
1.0,1.0,1.0,1.0,0.43365734815597534,0.44920727610588074,0.44307878613471985,0.4492563009262085,-0.38242021203041077,-0.015171738341450691,-0.5561015009880066,0.6934071779251099
1.0,1.0,1.0,1.0,0.4452199637889862,0.4540032148361206,0.4303005039691925,0.43513062596321106,0.3314988315105438,0.8543811440467834,1.4304393529891968,1.5250203609466553
1.0,1.0,1.0,1.0,0.4659980833530426,0.4512677490711212,0.45513153076171875,0.44485923647880554,0.5934625864028931,0.04801258444786072,-0.5282136797904968,0.07258615642786026
1.0,1.0,1.0,1.0,0.45849770307540894,0.44145962595939636,0.4539790451526642,0.4633253812789917,0.7007147669792175,0.24528762698173523,0.16558901965618134,0.9878842234611511
1.0,1.0,1.0,1.0,0.4354918599128723,0.4495169520378113,0.43072059750556946,0.4426197111606598,1.4260783195495605,0.5041173696517944,1.549078345298767,1.173182487487793
1.0,1.0,1.0,1.0,0.4483228027820587,0.44162288308143616,0.43416571617126465,0.44682034850120544,-0.6441725492477417,-0.08891772478818893,0.3632182478904724,0.4855300188064575
1.0,1.0,1.0,1.0,0.4538789391517639,0.45695266127586365,0.45560044050216675,0.4590010344982147,-1.0779054164886475,-0.8738827109336853,0.40104761719703674,-0.11907747387886047
1.0,1.0,1.0,1.0,0.44734472036361694,0.4573249816894531,0.4483993351459503,0.4531821310520172,1.78840172290802,1.043574571609497,-0.15559755265712738,1.7699675559997559
1.0,1.0,1.0,1.0,0.4538494944572449,0.4520857334136963,0.4636310935020447,0.4389759302139282,-0.08992186933755875,-0.22128206491470337,1.1837466955184937,1.6056710481643677
1.0,1.0,1.0,1.0,0.4505394399166107,0.4434238076210022,0.45608586072921753,0.45945408940315247,-0.7933305501937866,-1.393778920173645,-0.5778070092201233,-0.6413686275482178
1.0,1.0,1.0,1.0,0.44646111130714417,0.4531072676181793,0.4568490982055664,0.45870885252952576,0.552848219871521,0.13323621451854706,0.6083279848098755,-1.1379605531692505
1.0,1.0,1.0,1.0,0.44921445846557617,0.4526517391204834,0.46080461144447327,0.4508195221424103,0.7526279091835022,1.39629328250885,0.9631862640380859,-0.030377494171261787
1.0,1.0,1.0,1.0,0.4406866133213043,0.44544094800949097,0.4463996887207031,0.4416429102420807,0.4854256212711334,0.26539984345436096,-0.8614624738693237,-0.09227641671895981
1.0,1.0,1.0,1.0,0.4243970811367035,0.4495839774608612,0.4534981846809387,0.4505797028541565,0.48484498262405396,0.87827068567276,-1.315711259841919,0.7771128416061401
1.0,1.0,1.0,1.0,0.45416051149368286,0.4481408894062042,0.4381124973297119,0.44364726543426514,0.8433777093887329,0.7477781772613525,1.3513673543930054,1.5849192142486572
1.0,1.0,1.0,1.0,0.4494412839412689,0.4404009282588959,0.4479356110095978,0.4464506506919861,1.5536482334136963,1.463794231414795,0.8474578857421875,1.6453208923339844
1.0,1.0,1.0,1.0,0.45681512355804443,0.47126778960227966,0.4692065715789795,0.42929044365882874,1.2195786237716675,-1.731645941734314,-2.2708444595336914,1.0833171606063843
1.0,1.0,1.0,1.0,0.44297194480895996,0.47145646810531616,0.4452151656150818,0.4617074131965637,0.4312666654586792,0.09063269197940826,-0.08006615936756134,0.28191083669662476
1.0,1.0,1.0,1.0,0.45339447259902954,0.4511111378669739,0.4405857026576996,0.4612984359264374,1.5396552085876465,1.534204363822937,0.8710576891899109,-0.4730653762817383
1.0,1.0,1.0,1.0,0.4491107761859894,0.4692065715789795,0.4429384171962738,0.45137789845466614,1.588910460472107,-2.2737162113189697,0.8431405425071716,-0.25918787717819214
1.0,1.0,1.0,1.0,0.45492395758628845,0.44129955768585205,0.4481493830680847,0.4400481581687927,-0.2279236763715744,1.3979589939117432,1.1557059288024902,0.6076483726501465
1.0,1.0,1.0,1.0,0.4504152238368988,0.4677925109863281,0.4473724961280823,0.46126556396484375,-0.10968633741140366,0.039738595485687256,-1.790727138519287,-0.8097363114356995
1.0,1.0,1.0,1.0,0.4506731927394867,0.4507924020290375,0.43377113342285156,0.44595786929130554,0.809442400932312,-0.4183657169342041,0.03792140632867813,-0.9290347099304199
1.0,1.0,1.0,1.0,0.451578825712204,0.4611838459968567,0.439710795879364,0.4665023386478424,0.32388460636138916,-0.15768827497959137,0.2306721806526184,-0.4298758804798126
1.0,1.0,1.0,1.0,0.4412058889865875,0.4385713040828705,0.4369431734085083,0.4448930323123932,0.7325684428215027,-0.8974074721336365,0.8174595236778259,1.215100884437561
1.0,1.0,1.0,1.0,0.44983798265457153,0.43102094531059265,0.44383540749549866,0.4308333992958069,0.48174920678138733,0.4532516300678253,0.7652182579040527,0.4682447612285614
1.0,1.0,1.0,1.0,0.4231424033641815,0.45665422081947327,0.4560730457305908,0.45375412702560425,0.5802987217903137,0.5209293961524963,-0.5212386250495911,0.7346186637878418
1.0,1.0,1.0,1.0,0.4467085897922516,0.4468137323856354,0.4528862535953522,0.42796579003334045,1.1200942993164062,0.6094234585762024,1.239488124847412,0.3780476152896881
1.0,1.0,1.0,1.0,0.4439510703086853,0.44129881262779236,0.4440641403198242,0.43546977639198303,0.5041972994804382,0.43599584698677063,-0.2822646200656891,0.5992792248725891
1.0,1.0,1.0,1.0,0.4506250023841858,0.4463741183280945,0.4507621228694916,0.45780396461486816,0.8159863352775574,-1.7344659566879272,1.0679649114608765,0.8366419076919556
1.0,1.0,1.0,1.0,0.4521194100379944,0.4479837417602539,0.444551557302475,0.44299376010894775,1.8102389574050903,1.7625195980072021,1.6826343536376953,-0.8843322396278381
1.0,1.0,1.0,1.0,0.43272754549980164,0.439828485250473,0.43775710463523865,0.41744133830070496,1.6350797414779663,1.4791465997695923,1.0471054315567017,1.605637550354004
1.0,1.0,1.0,1.0,0.44045892357826233,0.43003150820732117,0.43600788712501526,0.44158926606178284,1.8531877994537354,1.16396963596344,0.7414186000823975,1.7248119115829468
1.0,1.0,1.0,1.0,0.4499438405036926,0.44584351778030396,0.44117793440818787,0.4552426338195801,1.571860909461975,1.2552071809768677,0.5829048156738281,0.11481724679470062
1.0,1.0,1.0,1.0,0.42580685019493103,0.4541577994823456,0.43930181860923767,0.4257377088069916,1.2833812236785889,-0.03437231853604317,1.0805503129959106,0.6760337948799133
1.0,1.0,1.0,1.0,0.45794832706451416,0.45005694031715393,0.4181003272533417,0.44887277483940125,1.4288465976715088,1.2532159090042114,-0.015784287825226784,0.6743794679641724
1.0,1.0,1.0,1.0,0.45761919021606445,0.4559033513069153,0.4406551718711853,0.4594932496547699,0.4622528553009033,-0.8367210030555725,1.1234972476959229,-0.3089711368083954
1.0,1.0,1.0,1.0,0.4692065715789795,0.44747424125671387,0.4580825865268707,0.43820640444755554,-2.2834770679473877,-1.0187435150146484,-2.1244726181030273,0.019480349496006966
1.0,1.0,1.0,1.0,0.4509865343570709,0.4565906524658203,0.44156038761138916,0.44449320435523987,-0.6493781805038452,-0.09516609460115433,0.3598695993423462,1.360904574394226
1.0,1.0,1.0,1.0,0.4495583176612854,0.45421022176742554,0.46255752444267273,0.45992374420166016,-0.4429379403591156,-0.007220550440251827,-0.35820209980010986,-0.040206823498010635
1.0,1.0,1.0,1.0,0.44079530239105225,0.4532201588153839,0.4463007152080536,0.45977577567100525,1.6222376823425293,1.6402170658111572,0.8962882161140442,1.6740460395812988
1.0,1.0,1.0,1.0,0.4349184036254883,0.4489203095436096,0.450685054063797,0.4454309046268463,0.7265492081642151,-0.41378918290138245,0.0007937993505038321,-1.250407099723816
1.0,1.0,1.0,1.0,0.4587377905845642,0.42858248949050903,0.4450279474258423,0.44620025157928467,-1.167244553565979,-0.8947605490684509,-1.027421474456787,-0.49958255887031555
1.0,1.0,1.0,1.0,0.437112033367157,0.46338722109794617,0.4521721303462982,0.45942452549934387,1.7337714433670044,1.8557898998260498,1.795919418334961,1.8300570249557495
1.0,1.0,1.0,1.0,0.4237484931945801,0.45547518134117126,0.45082566142082214,0.4540884494781494,0.127677783370018,-0.18682681024074554,1.279548168182373,0.6422280073165894
1.0,1.0,1.0,1.0,0.4555555582046509,0.4363057315349579,0.4468848407268524,0.43600767850875854,-1.0496212244033813,-1.6827375888824463,-0.9199200868606567,-1.0567948818206787
1.0,1.0,1.0,1.0,0.42827606201171875,0.45720452070236206,0.4527297616004944,0.43874165415763855,-0.47970470786094666,0.09711719304323196,-0.5807409882545471,-2.1623799800872803
1.0,1.0,1.0,1.0,0.447136789560318,0.46278277039527893,0.4592224359512329,0.4387642741203308,0.15715020895004272,-0.7617801427841187,-1.0595228672027588,-0.37641799449920654
1.0,1.0,1.0,1.0,0.4477371573448181,0.45327228307724,0.4373129904270172,0.4458589255809784,0.43579038977622986,1.0315932035446167,0.6142088174819946,0.6371102929115295
1.0,1.0,1.0,1.0,0.4488193392753601,0.4453936517238617,0.43795838952064514,0.44231554865837097,1.6013295650482178,0.977660059928894,0.5860663652420044,1.6265437602996826
1.0,1.0,1.0,1.0,0.4567142128944397,0.4486682415008545,0.45693859457969666,0.44890931248664856,0.16572102904319763,0.7452898621559143,0.9551311731338501,0.2373347133398056
1.0,1.0,1.0,1.0,0.42980802059173584,0.45026400685310364,0.44829681515693665,0.44659268856048584,1.373089075088501,0.5853651762008667,0.5282949805259705,1.1440038681030273
1.0,1.0,1.0,1.0,0.4623275399208069,0.4592144191265106,0.44829264283180237,0.45002642273902893,1.5476136207580566,0.6878907084465027,0.2753274738788605,1.6371136903762817
1.0,1.0,1.0,1.0,0.4505978524684906,0.4605221450328827,0.46233803033828735,0.4382675588130951,0.2579410970211029,0.5380233526229858,-0.025347502902150154,-0.0633527860045433
1.0,1.0,1.0,1.0,0.4449571371078491,0.4489154517650604,0.44053199887275696,0.447268545627594,-0.9031738638877869,-0.08762864768505096,0.44210681319236755,-0.486759215593338
1.0,1.0,1.0,1.0,0.4443797171115875,0.4532356858253479,0.4629281163215637,0.45660749077796936,-0.7674682140350342,-0.31261497735977173,-0.6995580792427063,1.287721872329712
1.0,1.0,1.0,1.0,0.43654170632362366,0.4604662358760834,0.4575933814048767,0.44679340720176697,-0.5265653133392334,0.3971470892429352,0.05981579050421715,0.9184442758560181
1.0,1.0,1.0,1.0,0.44442427158355713,0.4499507248401642,0.4443536400794983,0.4522276222705841,0.5528478026390076,-0.6145408153533936,-0.06561663001775742,0.2552669644355774
1.0,1.0,1.0,1.0,0.45635712146759033,0.44436565041542053,0.43837711215019226,0.4481368362903595,0.8035818338394165,1.3477319478988647,0.6952352523803711,1.446925163269043
1.0,1.0,1.0,1.0,0.43957266211509705,0.4346282184123993,0.4500545263290405,0.4443610608577728,1.6243952512741089,0.8276416063308716,0.7771708965301514,0.4696164131164551
1.0,1.0,1.0,1.0,0.4391380846500397,0.4495227336883545,0.43294957280158997,0.4467315673828125,0.29001370072364807,0.5098065733909607,-0.3725299537181854,0.8567502498626709
1.0,1.0,1.0,1.0,0.44485387206077576,0.4453200101852417,0.45219117403030396,0.46729546785354614,1.1271703243255615,0.7177122831344604,-0.2434890866279602,0.4541732668876648
1.0,1.0,1.0,1.0,0.45478731393814087,0.4474649727344513,0.4405885636806488,0.45868122577667236,1.2075031995773315,-0.8686320185661316,-0.6415682435035706,0.8382076025009155
1.0,1.0,1.0,1.0,0.46282199025154114,0.4553431570529938,0.4479595422744751,0.45545288920402527,0.6759029626846313,-0.11529147624969482,0.9185054302215576,0.7126970291137695
1.0,1.0,1.0,1.0,0.446729838848114,0.4561046361923218,0.4270535707473755,0.4407186210155487,0.36312204599380493,0.28116896748542786,0.6092187762260437,0.31869715452194214
1.0,1.0,1.0,1.0,0.44784149527549744,0.457632839679718,0.4413869082927704,0.46094903349876404,-1.0342252254486084,-0.04253615811467171,0.7389062643051147,-1.4992074966430664
1.0,1.0,1.0,1.0,0.4646960496902466,0.4512191116809845,0.44537797570228577,0.44745180010795593,0.4743046164512634,1.1502325534820557,1.3793572187423706,1.8324304819107056
1.0,1.0,1.0,1.0,0.44879186153411865,0.4416419267654419,0.4550073444843292,0.4596249461174011,-0.6366499662399292,-0.5025568008422852,0.1725287288427353,-0.112300343811512
1.0,1.0,1.0,1.0,0.45694902539253235,0.456275075674057,0.4552548825740814,0.46027570962905884,0.9791721105575562,-1.1140341758728027,-1.6088862419128418,0.05306869000196457
1.0,1.0,1.0,1.0,0.4469867944717407,0.45256444811820984,0.44633641839027405,0.43929049372673035,-0.5323935151100159,-0.7880089282989502,0.3477177917957306,0.0069810133427381516
1.0,1.0,1.0,1.0,0.45921388268470764,0.45553869009017944,0.45828601717948914,0.46017909049987793,1.164820909500122,0.257990300655365,0.11665218323469162,0.37801116704940796
1.0,1.0,1.0,1.0,0.43141692876815796,0.4597511291503906,0.45813384652137756,0.45201149582862854,1.568121075630188,0.9844086766242981,0.31013789772987366,1.083770513534546
1.0,1.0,1.0,1.0,0.45675405859947205,0.45229053497314453,0.45620283484458923,0.4633394777774811,-0.07741141319274902,0.2121385782957077,-0.3375020921230316,0.12869012355804443
1.0,1.0,1.0,1.0,0.44185951352119446,0.4334784746170044,0.450557678937912,0.4416102468967438,0.5631975531578064,0.11560364812612534,0.4728533923625946,0.16128315031528473
1.0,1.0,1.0,1.0,0.44615286588668823,0.4510360062122345,0.45434853434562683,0.44993603229522705,1.1982401609420776,-0.35150426626205444,-0.6371371150016785,0.03481293469667435
1.0,1.0,1.0,1.0,0.4328635036945343,0.4599393904209137,0.450896292924881,0.4417424201965332,1.4505751132965088,1.0704880952835083,0.44365596771240234,1.1255638599395752
1.0,1.0,1.0,1.0,0.43536996841430664,0.4402775764465332,0.44226664304733276,0.4399380683898926,0.2746298015117645,-0.47188472747802734,0.4028445780277252,0.17444859445095062
1.0,1.0,1.0,1.0,0.43792879581451416,0.4469992220401764,0.4518199861049652,0.45147159695625305,0.9091716408729553,1.2052874565124512,-0.29330968856811523,0.48098862171173096
1.0,1.0,1.0,1.0,0.42409613728523254,0.42517510056495667,0.4481952488422394,0.4432232975959778,1.3534198999404907,0.5836701393127441,0.6814558506011963,1.5914185047149658
1.0,1.0,1.0,1.0,0.4358234107494354,0.4454149901866913,0.43890348076820374,0.4420812427997589,1.0991120338439941,-0.906160295009613,0.19246843457221985,1.530198574066162
1.0,1.0,1.0,1.0,0.45501118898391724,0.4395820200443268,0.4557092487812042,0.44239747524261475,0.18854710459709167,0.9336792826652527,0.37832027673721313,0.2875126302242279
1.0,1.0,1.0,1.0,0.4495578408241272,0.4588940441608429,0.4590204060077667,0.43695342540740967,0.8887020349502563,-0.20318369567394257,-0.03166460245847702,0.901228666305542
1.0,1.0,1.0,1.0,0.4355267584323883,0.4637052118778229,0.4457758367061615,0.4425153434276581,-0.46263501048088074,-1.271257758140564,-2.0113513469696045,-1.453923225402832
1.0,1.0,1.0,1.0,0.44699880480766296,0.458706796169281,0.442743718624115,0.4469563066959381,-0.2721115052700043,0.35298478603363037,0.422723650932312,-2.2086775302886963
1.0,1.0,1.0,1.0,0.45918622612953186,0.44321516156196594,0.44199660420417786,0.4692065715789795,0.8118217587471008,0.1178664043545723,-0.4199773967266083,-2.2729148864746094
1.0,1.0,1.0,1.0,0.45859071612358093,0.44998297095298767,0.44562193751335144,0.46136701107025146,-1.008894443511963,-0.011839143000543118,0.2663649618625641,0.7349092960357666
1.0,1.0,1.0,1.0,0.4518875479698181,0.4589303135871887,0.4388820230960846,0.4403392970561981,0.9839504957199097,1.0091108083724976,1.210443139076233,1.1655542850494385
1.0,1.0,1.0,1.0,0.45542752742767334,0.44285598397254944,0.47194352746009827,0.457382470369339,-0.3444787263870239,1.2525659799575806,0.4931930601596832,-0.396035373210907
1.0,1.0,1.0,1.0,0.45561835169792175,0.44428378343582153,0.44602563977241516,0.442239373922348,0.8388386368751526,0.33710864186286926,0.43163880705833435,0.7697516679763794
1.0,1.0,1.0,1.0,0.4508569538593292,0.46014735102653503,0.4576784670352936,0.4577544033527374,-1.9721264839172363,-1.0826051235198975,-1.1490023136138916,-0.06319911777973175
1.0,1.0,1.0,1.0,0.44448453187942505,0.4440416693687439,0.4328545928001404,0.4321979582309723,0.5170595645904541,0.6617053151130676,0.7379253506660461,1.0774645805358887
1.0,1.0,1.0,1.0,0.4256730079650879,0.4517185389995575,0.45236238837242126,0.4374082386493683,1.389115571975708,-0.5123283863067627,0.665157675743103,1.7811204195022583
1.0,1.0,1.0,1.0,0.4490491449832916,0.44006896018981934,0.4359690248966217,0.44430848956108093,0.7870886325836182,-0.2884344458580017,0.9435875415802002,0.7825745344161987
1.0,1.0,1.0,1.0,0.42361828684806824,0.4440176486968994,0.43976446986198425,0.44698575139045715,-1.596677303314209,1.5145152807235718,1.580132246017456,-1.521270513534546
1.0,1.0,1.0,1.0,0.4629790484905243,0.4442185163497925,0.43007680773735046,0.4435429871082306,0.7646906971931458,-0.7161739468574524,0.31707045435905457,-0.4601289927959442
1.0,1.0,1.0,1.0,0.4507911205291748,0.45450863242149353,0.4509580135345459,0.461146742105484,1.3644472360610962,0.5976784825325012,0.6112855076789856,0.7398717403411865
1.0,1.0,1.0,1.0,0.46319863200187683,0.446230411529541,0.44171255826950073,0.4547346532344818,1.1248838901519775,1.2449662685394287,0.592535674571991,0.7905347943305969
1.0,1.0,1.0,1.0,0.4543830454349518,0.4442237317562103,0.45909810066223145,0.4404663145542145,-0.6848951578140259,1.238844394683838,-0.599077582359314,-0.2466101199388504
1.0,1.0,1.0,1.0,0.4518977999687195,0.4563165307044983,0.4593295156955719,0.46364036202430725,0.29881423711776733,-0.029872652143239975,-0.9440956115722656,-0.06639968603849411
1.0,1.0,1.0,1.0,0.42926281690597534,0.44247350096702576,0.4427742660045624,0.4430226981639862,1.2628060579299927,0.38429734110832214,-0.47858381271362305,1.4816381931304932
1.0,1.0,1.0,1.0,0.45462483167648315,0.46028175950050354,0.4542623460292816,0.4497022330760956,0.8657388091087341,0.6663549542427063,-0.554912805557251,-0.592973530292511
1.0,1.0,1.0,1.0,0.4557338356971741,0.4429508447647095,0.4512069821357727,0.4447852373123169,0.32797476649284363,1.3778793811798096,1.4517954587936401,1.307308554649353
1.0,1.0,1.0,1.0,0.4698220193386078,0.45693904161453247,0.43078768253326416,0.4510769844055176,0.8516317009925842,-1.0420595407485962,0.04230274260044098,-1.0805017948150635
1.0,1.0,1.0,1.0,0.4535267651081085,0.4504975378513336,0.4318244755268097,0.44355541467666626,-0.38022738695144653,-1.5278599262237549,-0.7136664986610413,-0.6034049391746521
1.0,1.0,1.0,1.0,0.44083288311958313,0.45348700881004333,0.4505240023136139,0.45261600613594055,-0.525886058807373,-0.8207690715789795,-0.9184026122093201,0.236355260014534
1.0,1.0,1.0,1.0,0.46460670232772827,0.46127253770828247,0.4437218904495239,0.4236464202404022,1.353460431098938,1.5688683986663818,1.916979432106018,1.7352615594863892
1.0,1.0,1.0,1.0,0.44820839166641235,0.445589154958725,0.454252153635025,0.44876495003700256,0.6624407768249512,0.7595887780189514,0.8640844821929932,0.8159493207931519
1.0,1.0,1.0,1.0,0.45209023356437683,0.43571919202804565,0.4515356123447418,0.4334283173084259,-1.1845221519470215,-1.9507510662078857,-1.9826914072036743,-0.6719993352890015
1.0,1.0,1.0,1.0,0.4425646960735321,0.4503805339336395,0.44892120361328125,0.4377434551715851,1.1568264961242676,1.314116358757019,1.0782109498977661,1.2348296642303467
1.0,1.0,1.0,1.0,0.4407466650009155,0.43116533756256104,0.45505085587501526,0.4520988464355469,1.8101778030395508,1.9059585332870483,1.7379473447799683,1.8847081661224365
1.0,1.0,1.0,1.0,0.45576927065849304,0.4692065715789795,0.4692065715789795,0.4530563950538635,-1.715531349182129,-2.2848055362701416,-2.2848055362701416,-1.5199377536773682
1.0,1.0,1.0,1.0,0.4617926776409149,0.45397651195526123,0.45139938592910767,0.4330900013446808,-0.15853385627269745,0.24740448594093323,0.8550965189933777,-0.23696936666965485
1.0,1.0,1.0,1.0,0.45322662591934204,0.4607507586479187,0.46100571751594543,0.43220439553260803,1.010825276374817,0.36579379439353943,0.06586341559886932,1.117810606956482
1.0,1.0,1.0,1.0,0.45903441309928894,0.44794154167175293,0.4559088945388794,0.4543481767177582,1.5664725303649902,0.5345670580863953,-0.0681304857134819,1.4732375144958496
1.0,1.0,1.0,1.0,0.4639430046081543,0.4513753354549408,0.44857528805732727,0.44892048835754395,-1.0570979118347168,-0.7121409773826599,0.4275893270969391,-0.8217492699623108
1.0,1.0,1.0,1.0,0.44264987111091614,0.45421352982521057,0.45841747522354126,0.45974501967430115,1.2324936389923096,-0.29543688893318176,-0.3226182758808136,1.0092159509658813
1.0,1.0,1.0,1.0,0.4411262571811676,0.45190295577049255,0.44836416840553284,0.43777647614479065,-0.8162636756896973,-0.047542572021484375,-1.5992403030395508,0.2732140123844147
1.0,1.0,1.0,1.0,0.4431738257408142,0.4342849850654602,0.44527575373649597,0.4458826184272766,1.6830408573150635,1.8116366863250732,1.7590441703796387,1.7433756589889526
1.0,1.0,1.0,1.0,0.4445284307003021,0.44655677676200867,0.4458973705768585,0.4353141188621521,0.27814775705337524,0.09378118067979813,0.14520224928855896,-0.29739904403686523
1.0,1.0,1.0,1.0,0.4437515139579773,0.4665752053260803,0.45371028780937195,0.4360688328742981,1.6409722566604614,-2.1550118923187256,-1.29929518699646,1.386189579963684
1.0,1.0,1.0,1.0,0.43058452010154724,0.44753652811050415,0.4545605480670929,0.43926194310188293,1.7355842590332031,0.671345591545105,0.5813561677932739,1.5341936349868774
1.0,1.0,1.0,1.0,0.46573325991630554,0.44451195001602173,0.442405641078949,0.44724711775779724,0.8707872033119202,0.8179963231086731,-0.2714706063270569,-1.2289409637451172
1.0,1.0,1.0,1.0,0.4560948610305786,0.4404768943786621,0.4393357038497925,0.455000638961792,0.5094093680381775,-0.5011277794837952,-0.6447758078575134,-0.23332631587982178
1.0,1.0,1.0,1.0,0.4375775158405304,0.4382431209087372,0.45017364621162415,0.4439155161380768,0.16543911397457123,0.1800416260957718,-0.6229592561721802,-0.6203462481498718
1.0,1.0,1.0,1.0,0.4394168257713318,0.44786667823791504,0.44236239790916443,0.45296430587768555,-0.05598239600658417,-0.009323173202574253,-0.15692855417728424,-0.30067870020866394
1.0,1.0,1.0,1.0,0.44733497500419617,0.4633384048938751,0.4408051371574402,0.4519211947917938,1.5616493225097656,-1.3232879638671875,1.1480505466461182,1.631547212600708
1.0,1.0,1.0,1.0,0.44732823967933655,0.4674755036830902,0.45147496461868286,0.4485921561717987,1.2301313877105713,1.147240400314331,0.988088071346283,-0.5890251398086548
1.0,1.0,1.0,1.0,0.4431126117706299,0.4398597478866577,0.44391217827796936,0.4468297064304352,-0.41802921891212463,-1.2855037450790405,0.1272914558649063,-0.6393670439720154
1.0,1.0,1.0,1.0,0.4401295781135559,0.44689178466796875,0.4303300976753235,0.4593574106693268,-0.2578335702419281,1.254132866859436,1.019729733467102,0.24584069848060608
1.0,1.0,1.0,1.0,0.4552246034145355,0.4628851115703583,0.45841991901397705,0.44267868995666504,0.16181713342666626,0.8813656568527222,-0.808510959148407,-0.4449291527271271
1.0,1.0,1.0,1.0,0.45585671067237854,0.43832892179489136,0.45806536078453064,0.45259127020835876,-0.42528292536735535,-0.4616129398345947,-1.7716346979141235,-0.489467978477478
1.0,1.0,1.0,1.0,0.4427429735660553,0.4456251561641693,0.432265967130661,0.4407956898212433,0.3724645674228668,-0.6423381567001343,-0.6087124943733215,0.08331999182701111
1.0,1.0,1.0,1.0,0.4212661683559418,0.44925791025161743,0.44204866886138916,0.4421677887439728,0.36424389481544495,-1.1452505588531494,0.9051920771598816,0.8953548073768616
1.0,1.0,1.0,1.0,0.4507489800453186,0.4462847113609314,0.4524061679840088,0.44754311442375183,0.7292632460594177,-1.2858763933181763,1.3167988061904907,0.32496345043182373
1.0,1.0,1.0,1.0,0.44949695467948914,0.4305571913719177,0.4415385127067566,0.4542914927005768,1.6852188110351562,1.56405508518219,0.9389612674713135,1.395760178565979
1.0,1.0,1.0,1.0,0.4377591609954834,0.45301684737205505,0.45211488008499146,0.4439845383167267,0.8573855757713318,-2.1975486278533936,-0.19802901148796082,-2.2371537685394287
1.0,1.0,1.0,1.0,0.4413228929042816,0.44193264842033386,0.46048399806022644,0.4451739192008972,0.0021010367199778557,-1.2461634874343872,-0.4455166459083557,-1.246110200881958
1.0,1.0,1.0,1.0,0.4467529058456421,0.4503861963748932,0.43844684958457947,0.4466066062450409,0.7702493071556091,-0.7382317185401917,0.7056471109390259,0.4960747957229614
1.0,1.0,1.0,1.0,0.44218170642852783,0.4428038001060486,0.4420676827430725,0.43884044885635376,1.9254592657089233,0.34557855129241943,1.0177158117294312,-0.09343461692333221
1.0,1.0,1.0,1.0,0.4419107139110565,0.43519148230552673,0.45481911301612854,0.448819637298584,1.1391937732696533,0.6836110949516296,1.1472340822219849,0.6432129740715027
1.0,1.0,1.0,1.0,0.4574500620365143,0.4415391683578491,0.4499831795692444,0.4476701319217682,-0.1012568324804306,-0.1873786747455597,0.899577796459198,0.01595139130949974
1.0,1.0,1.0,1.0,0.464567095041275,0.4487529695034027,0.4474939703941345,0.44120538234710693,-1.1750952005386353,0.01584453694522381,0.5272536277770996,0.09953705221414566
1.0,1.0,1.0,1.0,0.45168933272361755,0.45552924275398254,0.442020058631897,0.44410791993141174,0.022629447281360626,0.5394707322120667,-0.1705203354358673,0.237431600689888
1.0,1.0,1.0,1.0,0.4463474154472351,0.45667213201522827,0.45501509308815,0.45417138934135437,0.3618220090866089,0.6338145732879639,0.3424363434314728,-0.8006139993667603
1.0,1.0,1.0,1.0,0.46064043045043945,0.44257500767707825,0.453595906496048,0.4455517828464508,0.292860746383667,0.2964153289794922,0.04078848659992218,0.747906506061554
1.0,1.0,1.0,1.0,0.4606880843639374,0.4477837085723877,0.4524264931678772,0.4571274220943451,0.41531088948249817,0.4942687749862671,-0.29329240322113037,0.9613528847694397
1.0,1.0,1.0,1.0,0.446989506483078,0.4455009698867798,0.4473744332790375,0.4494539201259613,0.6714081764221191,-1.7957814931869507,1.2633572816848755,0.318642795085907
1.0,1.0,1.0,1.0,0.44406163692474365,0.4538705348968506,0.4443381130695343,0.447611540555954,0.6197171211242676,-0.04100538790225983,-0.1949300765991211,-0.4510212540626526
1.0,1.0,1.0,1.0,0.45483601093292236,0.4518316090106964,0.4578182101249695,0.45008930563926697,0.9810940623283386,1.2501811981201172,0.7496943473815918,0.8990147113800049
1.0,1.0,1.0,1.0,0.43378812074661255,0.4376804232597351,0.4359641969203949,0.43938907980918884,1.9277095794677734,1.9634370803833008,0.828915536403656,-1.8719367980957031
1.0,1.0,1.0,1.0,0.4609621465206146,0.46227991580963135,0.44767341017723083,0.44941282272338867,1.648736834526062,0.04766441509127617,1.8084256649017334,1.371323585510254
1.0,1.0,1.0,1.0,0.4336787462234497,0.4431383013725281,0.44961482286453247,0.4325008988380432,1.619680404663086,0.8115190267562866,1.603188395500183,1.6003680229187012
1.0,1.0,1.0,1.0,0.45738065242767334,0.45760980248451233,0.4563485383987427,0.45903655886650085,-0.23120854794979095,1.6395000219345093,-0.691202700138092,1.3902956247329712
1.0,1.0,1.0,1.0,0.4537004232406616,0.4480167627334595,0.4296807646751404,0.4286264479160309,1.309510588645935,0.854331910610199,1.0767723321914673,0.8497044444084167
1.0,1.0,1.0,1.0,0.4481063783168793,0.4556581676006317,0.4481976330280304,0.4473133683204651,1.4921157360076904,0.619355320930481,1.422336459159851,0.8905059695243835
1.0,1.0,1.0,1.0,0.45209550857543945,0.4497794806957245,0.44673362374305725,0.452425092458725,1.1721299886703491,-1.0851153135299683,-0.22734180092811584,1.0010995864868164
1.0,1.0,1.0,1.0,0.4390261471271515,0.4692065715789795,0.4505794942378998,0.45281535387039185,1.4745584726333618,-2.2834770679473877,-0.7417263984680176,0.9516497254371643
1.0,1.0,1.0,1.0,0.4401460587978363,0.45768555998802185,0.4411766231060028,0.4421820044517517,-0.11900319904088974,-0.0298568457365036,0.0040479484014213085,0.7208114266395569
1.0,1.0,1.0,1.0,0.43584921956062317,0.45409634709358215,0.44545435905456543,0.4536360204219818,-0.4701251685619354,-0.43622854351997375,-0.13005487620830536,-0.7871339321136475
1.0,1.0,1.0,1.0,0.44972753524780273,0.45038992166519165,0.43544328212738037,0.46067535877227783,1.7257280349731445,1.4727529287338257,0.8979848623275757,1.6074869632720947
1.0,1.0,1.0,1.0,0.43912023305892944,0.4342349171638489,0.4508076012134552,0.4380320906639099,0.6956167817115784,-2.1847825050354004,-0.5213494896888733,-0.9511670470237732
1.0,1.0,1.0,1.0,0.4452173411846161,0.4307718575000763,0.44515082240104675,0.4470072388648987,-0.1311732530593872,-1.2493703365325928,-1.0289843082427979,-0.9219235777854919
1.0,1.0,1.0,1.0,0.4396320581436157,0.46590563654899597,0.4448474049568176,0.4567625820636749,1.6105222702026367,1.7315257787704468,1.4202641248703003,1.5395759344100952
1.0,1.0,1.0,1.0,0.4477463662624359,0.45619508624076843,0.43775612115859985,0.4451540410518646,1.316202998161316,-0.5841898918151855,0.28497782349586487,0.08394194394350052
1.0,1.0,1.0,1.0,0.46312975883483887,0.46215271949768066,0.4603310525417328,0.44479256868362427,-0.7031086087226868,-1.3082391023635864,-1.2135281562805176,-0.3408224880695343
1.0,1.0,1.0,1.0,0.4495755136013031,0.4531571567058563,0.4456008970737457,0.44361600279808044,0.8854416608810425,0.04626546427607536,0.8574737310409546,-0.8384013175964355
1.0,1.0,1.0,1.0,0.43800419569015503,0.4534234404563904,0.44806402921676636,0.445342093706131,0.33669355511665344,-0.035112157464027405,-1.6248148679733276,-0.49888041615486145
1.0,1.0,1.0,1.0,0.4527006447315216,0.44843971729278564,0.44776347279548645,0.45204952359199524,0.4973151683807373,0.9704514741897583,0.817870020866394,0.5427902936935425
1.0,1.0,1.0,1.0,0.4562969505786896,0.44644567370414734,0.43221956491470337,0.4328441917896271,1.0016075372695923,-0.945719838142395,1.2887568473815918,0.9474246501922607
1.0,1.0,1.0,1.0,0.4446633458137512,0.4394233226776123,0.46259963512420654,0.45166775584220886,1.1308127641677856,0.18253543972969055,0.46562278270721436,0.9453464150428772
1.0,1.0,1.0,1.0,0.4353821575641632,0.435187965631485,0.4388226270675659,0.4475523829460144,0.9964876770973206,0.06270497292280197,-1.6394892930984497,1.0537916421890259
1.0,1.0,1.0,1.0,0.44847553968429565,0.46412238478660583,0.4490698277950287,0.46462535858154297,0.7848624587059021,-0.9600685834884644,1.8234961032867432,1.6427780389785767
1.0,1.0,1.0,1.0,0.4641439616680145,0.4591478407382965,0.45953747630119324,0.45467495918273926,0.5015190243721008,0.2090967893600464,0.36673763394355774,0.7123212218284607
1.0,1.0,1.0,1.0,0.4385335147380829,0.45643335580825806,0.44586053490638733,0.4471501410007477,-1.6695772409439087,0.11748048663139343,0.8219224810600281,0.5807887315750122
1.0,1.0,1.0,1.0,0.45365479588508606,0.4554510712623596,0.44915875792503357,0.4442175030708313,0.33223557472229004,-0.5968721508979797,0.4827622175216675,-0.6073608994483948
1.0,1.0,1.0,1.0,0.43511658906936646,0.4554068148136139,0.43587198853492737,0.4443185329437256,1.0473259687423706,-0.17801527678966522,-0.4576422870159149,0.5977099537849426
1.0,1.0,1.0,1.0,0.4695080518722534,0.46111124753952026,0.44924888014793396,0.46015286445617676,1.1232192516326904,-0.4926799237728119,0.08433207124471664,0.6825193762779236
1.0,1.0,1.0,1.0,0.4300183355808258,0.44587159156799316,0.4416394531726837,0.43817389011383057,0.5619874000549316,1.5093960762023926,0.7714359760284424,1.5714513063430786
1.0,1.0,1.0,1.0,0.42625656723976135,0.45215722918510437,0.4535861015319824,0.4473426043987274,1.659562349319458,1.0300770998001099,1.1365294456481934,-1.0402294397354126
1.0,1.0,1.0,1.0,0.4308547377586365,0.4507901668548584,0.4356897175312042,0.443020761013031,1.3240081071853638,-1.3535354137420654,-1.3530545234680176,0.7832091450691223
1.0,1.0,1.0,1.0,0.4498997628688812,0.4381341338157654,0.45017626881599426,0.45259514451026917,0.9035719037055969,-1.4482938051223755,0.6533094048500061,0.8267629146575928
1.0,1.0,1.0,1.0,0.44644662737846375,0.4600527584552765,0.4546838700771332,0.44848036766052246,-1.380393385887146,-0.9808446764945984,-1.2358489036560059,0.7597169280052185
1.0,1.0,1.0,1.0,0.4463196396827698,0.45269185304641724,0.46321332454681396,0.45874181389808655,0.06624594330787659,0.5270476937294006,0.8965633511543274,-0.7734332084655762
1.0,1.0,1.0,1.0,0.45451727509498596,0.4348083734512329,0.44567516446113586,0.45355021953582764,0.6326121687889099,0.6705335974693298,0.821036696434021,0.4988357126712799
1.0,1.0,1.0,1.0,0.4529515504837036,0.44546082615852356,0.4382973611354828,0.46052369475364685,-0.24344268441200256,-0.13214358687400818,-0.016068341210484505,-0.14303956925868988
1.0,1.0,1.0,1.0,0.44185033440589905,0.4400244951248169,0.45597028732299805,0.4549432694911957,1.629291296005249,-0.9797833561897278,1.1330797672271729,1.8858182430267334
1.0,1.0,1.0,1.0,0.4667491018772125,0.4586949348449707,0.43748465180397034,0.4550647735595703,-0.013680684380233288,0.13076965510845184,-1.519608974456787,0.11179447174072266
1.0,1.0,1.0,1.0,0.45754221081733704,0.44449642300605774,0.45674997568130493,0.46206164360046387,0.9928513169288635,-1.218686819076538,-1.0764907598495483,0.41182783246040344
1.0,1.0,1.0,1.0,0.4529307782649994,0.4426036775112152,0.4400656223297119,0.43312954902648926,0.154318168759346,-1.286065697669983,-0.11413730680942535,-0.018861975520849228
